year,gdp_per_capita
2005,6.55963535512021
2006,5.98566940392919
2007,6.12360729814239
2008,4.65245943971411
2009,4.37064375270167
2010,5.36418076533876
2011,5.15973579385422
2012,4.15633378057983
2013,4.31719104743868
2014,4.87299904180681
2015,5.57139034213074
2016,5.12005124042108
2017,5.73062827265277
2018,6.01808839754494