year,population
2005,83.832661
2006,84.617540
2007,85.419591
2008,86.243413
2009,87.092252
2010,87.967651
2011,88.871561
2012,89.802487
2013,90.753472
2014,91.714595
2015,92.677076
2016,93.638724
2017,94.596642
2018,95.540395